sku_id,category,subcategory,forecast_8w,on_hand_units,on_order_units,lead_time_days,reorder_point,stockout_score,overstock_score,action,sales_at_risk_rs,locked_capital_rs,value_at_stake_rs
SKU-0109,Small Appliances,Cleaning,958.4919663012405,103,0,18,61,0.7092856770928906,0.0,Reorder now,1349946.309879137,0.0,1349946.309879137
SKU-0065,Decor,Lighting,544.5988127119741,80,0,26,57,0.7248749493712621,0.0,Reorder now,1063473.5184354284,0.0,1063473.5184354284
SKU-0084,Small Appliances,Kitchen,15.236484094875337,231,0,15,26,0.0,1.0,Markdown / clear,0.0,884977.4240362312,884977.4240362312
SKU-0097,Decor,Lighting,14.520860087049897,223,0,28,51,0.0,1.0,Markdown / clear,0.0,679092.6224175273,679092.6224175273
SKU-0041,Furnishings,Throws,559.4191220283088,74,0,20,32,0.6779267887908187,0.0,Reorder now,677241.896134289,0.0,677241.896134289
SKU-0040,Small Appliances,Cleaning,9.544563026568582,195,0,24,37,0.0,1.0,Markdown / clear,0.0,651986.6529323977,651986.6529323977
SKU-0151,Decor,Wall Decor,353.3861930391931,85,0,23,34,0.4907492246119642,0.0,Healthy,622479.0958836193,0.0,622479.0958836193
SKU-0162,Decor,Wall Decor,12.261392476639752,209,0,28,47,0.0,1.0,Markdown / clear,0.0,595599.5011805492,595599.5011805492
SKU-0115,Furnishings,Throws,486.43225204396754,29,0,23,20,0.8737771487673697,0.0,Reorder now,588761.3805642611,0.0,588761.3805642611
SKU-0053,Furnishings,Throws,39.32755643700617,410,0,14,74,0.0,1.0,Markdown / clear,0.0,557430.0969256856,557430.0969256856
SKU-0070,Small Appliances,Cleaning,9.564575971422125,224,0,21,47,0.0,1.0,Markdown / clear,0.0,524368.5409859385,524368.5409859385
SKU-0008,Small Appliances,Climate,24.572164715184094,259,0,17,72,0.0,1.0,Markdown / clear,0.0,501365.9133594641,501365.9133594641
SKU-0034,Small Appliances,Kitchen,25.12584631895566,183,0,25,60,0.0,1.0,Markdown / clear,0.0,498448.8990444603,498448.8990444603
SKU-0019,Furnishings,Bedding,14.283272541286781,187,0,14,70,0.0,1.0,Markdown / clear,0.0,494240.96412476356,494240.96412476356
SKU-0155,Decor,Planters,14.858719663064626,125,0,19,61,0.0,1.0,Markdown / clear,0.0,473922.9730054876,473922.9730054876
SKU-0128,Furnishings,Cushions,287.03114177251723,81,0,26,68,0.4714661110223313,0.0,Healthy,468585.36660980096,0.0,468585.36660980096
SKU-0067,Small Appliances,Cleaning,582.9857898391097,218,0,26,40,0.29964962869172074,0.0,Healthy,462404.6248644529,0.0,462404.6248644529
SKU-0050,Decor,Planters,342.2862983772371,94,0,25,60,0.4650803931037826,0.0,Healthy,398993.6652101628,0.0,398993.6652101628
SKU-0016,Small Appliances,Climate,13.758163839428049,137,0,6,48,0.0,1.0,Markdown / clear,0.0,386519.3430290186,386519.3430290186
SKU-0082,Furnishings,Throws,20.412628581937856,196,0,19,74,0.0,1.0,Markdown / clear,0.0,337260.39688472677,337260.39688472677
SKU-0012,Furnishings,Throws,20.70128854415179,188,0,6,71,0.0,1.0,Markdown / clear,0.0,335352.2308080275,335352.2308080275
SKU-0108,Furnishings,Bedding,15.152206190218987,96,0,15,44,0.0,1.0,Markdown / clear,0.0,325505.7454976021,325505.7454976021
SKU-0030,Small Appliances,Cleaning,25.623460458124498,102,0,9,51,0.0,1.0,Markdown / clear,0.0,305550.73991630453,305550.73991630453
SKU-0126,Decor,Wall Decor,57.24283036855351,175,0,23,66,0.0,1.0,Markdown / clear,0.0,300165.4265763584,300165.4265763584
SKU-0033,Small Appliances,Kitchen,24.53485600724005,140,0,14,61,0.0,1.0,Markdown / clear,0.0,293252.0414646257,293252.0414646257
SKU-0102,Decor,Wall Decor,17.49195153471074,139,0,12,61,0.0,1.0,Markdown / clear,0.0,285548.3366340353,285548.3366340353
SKU-0131,Small Appliances,Kitchen,24.6790489365358,95,0,20,61,0.0,1.0,Markdown / clear,0.0,283145.38515979156,283145.38515979156
SKU-0001,Furnishings,Bedding,456.2737482050205,95,0,19,39,0.46637679281920574,0.0,Healthy,281297.61590811674,0.0,281297.61590811674
SKU-0063,Decor,Lighting,15.432684302528399,82,0,9,22,0.0,1.0,Markdown / clear,0.0,262567.5781717655,262567.5781717655
SKU-0098,Small Appliances,Climate,14.235069296314437,73,0,17,59,0.0,1.0,Markdown / clear,0.0,238620.91234547787,238620.91234547787
SKU-0043,Decor,Wall Decor,74.44514090707591,203,0,10,62,0.0,1.0,Markdown / clear,0.0,228253.8537035246,228253.8537035246
SKU-0071,Small Appliances,Climate,239.68790509709015,22,0,14,19,0.6807442615870075,0.0,Reorder now,194561.7330332572,0.0,194561.7330332572
SKU-0111,Decor,Planters,14.739368647771428,77,0,15,45,0.0,1.0,Markdown / clear,0.0,192170.76311235415,192170.76311235415
SKU-0165,Small Appliances,Climate,12.28229591890902,94,0,15,68,0.0,1.0,Markdown / clear,0.0,185662.28003028934,185662.28003028934
SKU-0057,Decor,Wall Decor,357.87901579095563,119,0,23,69,0.2959993214845079,0.0,Healthy,181290.38722942298,0.0,181290.38722942298
SKU-0135,Decor,Wall Decor,14.636613020782473,91,0,13,51,0.0,1.0,Markdown / clear,0.0,139986.9127392435,139986.9127392435
SKU-0010,Small Appliances,Cleaning,18.64822217422644,96,0,18,20,0.0,1.0,Markdown / clear,0.0,129416.05465403624,129416.05465403624
SKU-0083,Furnishings,Throws,52.94404256141185,117,0,21,69,0.0,0.8065869087384373,Markdown / clear,0.0,124133.31024883727,124133.31024883727
SKU-0114,Decor,Planters,311.90403949186896,78,0,22,54,0.4464700693676835,0.0,Healthy,122261.56578206124,0.0,122261.56578206124
SKU-0091,Small Appliances,Kitchen,14.86312936451257,85,0,23,22,0.0,1.0,Markdown / clear,0.0,120838.55751216198,120838.55751216198
SKU-0014,Small Appliances,Climate,15.819228601381953,101,0,9,31,0.0,1.0,Markdown / clear,0.0,115794.11011305239,115794.11011305239
SKU-0180,Small Appliances,Cleaning,23.66837329436609,73,0,25,73,0.0,1.0,Markdown / clear,0.0,111991.69616698273,111991.69616698273
SKU-0177,Small Appliances,Climate,15.355211681577785,85,0,18,18,0.0,1.0,Markdown / clear,0.0,110346.76661468287,110346.76661468287
SKU-0130,Small Appliances,Cleaning,22.599741934546127,147,0,19,27,0.0,1.0,Markdown / clear,0.0,110189.61182689412,110189.61182689412
SKU-0168,Small Appliances,Cleaning,15.395976326540817,117,0,10,43,0.0,1.0,Markdown / clear,0.0,92557.39466842671,92557.39466842671
SKU-0110,Small Appliances,Cleaning,15.272548362541592,60,0,9,49,0.0,1.0,Markdown / clear,0.0,92081.95792715298,92081.95792715298
SKU-0009,Decor,Lighting,747.1328467270603,160,0,13,34,0.19782525115259028,0.0,Healthy,90793.79722329705,0.0,90793.79722329705
SKU-0159,Furnishings,Bedding,11.610309132226327,258,0,14,46,0.0,1.0,Markdown / clear,0.0,90791.47491346931,90791.47491346931
SKU-0036,Furnishings,Bedding,517.6260863830354,92,0,24,73,0.6393793288684136,0.0,Reorder now,89654.34827749396,0.0,89654.34827749396
SKU-0137,Decor,Wall Decor,40.92431595006346,82,0,8,54,0.0,0.6691324883728912,Markdown / clear,0.0,86965.43863534322,86965.43863534322
SKU-0002,Small Appliances,Kitchen,25.97241894777243,50,138,27,59,0.0,0.61674607206833,Markdown / clear,0.0,77058.58771801747,77058.58771801747
SKU-0015,Decor,Lighting,288.60887529534784,53,0,20,27,0.5528776510118999,0.0,Reorder now,76139.42823717225,0.0,76139.42823717225
SKU-0101,Decor,Wall Decor,47.39833631560245,138,0,8,64,0.0,1.0,Markdown / clear,0.0,72450.33819546507,72450.33819546507
SKU-0017,Decor,Wall Decor,14.798261920889253,42,0,5,26,0.0,1.0,Markdown / clear,0.0,61974.28905636485,61974.28905636485
SKU-0049,Small Appliances,Kitchen,23.788768276308545,44,0,15,30,0.0,0.5664082446790659,Markdown / clear,0.0,61285.87429724006,61285.87429724006
SKU-0093,Small Appliances,Kitchen,153.5939839563837,33,0,16,26,0.34610210620478293,0.0,Healthy,61219.42669690015,0.0,61219.42669690015
SKU-0064,Furnishings,Cushions,29.720182760302716,56,0,11,22,0.0,0.5894942942006236,Markdown / clear,0.0,57370.59919528184,57370.59919528184
SKU-0054,Decor,Wall Decor,12.881330852414813,112,0,24,39,0.0,1.0,Markdown / clear,0.0,56397.81165711856,56397.81165711856
SKU-0056,Furnishings,Cushions,354.3589961883565,111,0,24,71,0.3644372127506663,0.0,Healthy,55768.6655136991,0.0,55768.6655136991
SKU-0096,Small Appliances,Cleaning,18.935874947725136,96,0,19,65,0.0,1.0,Markdown / clear,0.0,54296.80174280211,54296.80174280211
SKU-0164,Decor,Planters,15.80583338526241,42,146,20,71,0.0,1.0,Markdown / clear,0.0,50373.283842577956,50373.283842577956
SKU-0141,Decor,Planters,204.38254776893535,32,0,11,26,0.3068875958453303,0.0,Healthy,50233.88034040052,0.0,50233.88034040052
SKU-0048,Decor,Wall Decor,138.70791900107508,186,0,26,74,0.0,0.22729815446974522,Healthy,0.0,47491.9455198033,47491.9455198033
SKU-0011,Small Appliances,Kitchen,252.55259158423775,66,0,22,33,0.42155827582148364,0.0,Healthy,46830.117190721096,0.0,46830.117190721096
SKU-0007,Decor,Cleaning,15.076988560755236,28,0,7,18,0.0,0.571423194013815,Markdown / clear,0.0,40033.25586077729,40033.25586077729
SKU-0020,Decor,Planters,370.30817509224204,97,0,25,25,0.4897786677603897,0.0,Healthy,39893.215555854804,0.0,39893.215555854804
SKU-0156,Small Appliances,Climate,16.79701571891316,62,0,21,30,0.0,1.0,Markdown / clear,0.0,32462.243281867057,32462.243281867057
SKU-0127,Decor,Lighting,13.90191712687144,26,92,15,38,0.0,0.5801637650749529,Markdown / clear,0.0,28916.41850001126,28916.41850001126
SKU-0120,Furnishings,Bedding,170.6908435354867,68,0,26,41,0.25386823983153595,0.0,Healthy,26987.23168396011,0.0,26987.23168396011
SKU-0140,Decor,Lighting,417.6242385817605,77,0,11,40,0.18378883760441136,0.0,Healthy,26539.907020209008,0.0,26539.907020209008
SKU-0175,Small Appliances,Cleaning,380.93194663804576,159,0,24,29,0.15310674649529846,0.0,Healthy,22654.50069997363,0.0,22654.50069997363
SKU-0172,Small Appliances,Climate,14.101552930490989,27,110,6,47,0.0,0.6097884931816945,Markdown / clear,0.0,21022.177551133624,21022.177551133624
SKU-0047,Decor,Planters,68.13650970712733,103,0,25,50,0.0,0.3411141392744965,Healthy,0.0,20940.943273481003,20940.943273481003
SKU-0143,Decor,Wall Decor,45.57906852906888,69,0,6,50,0.0,0.34256852581346636,Healthy,0.0,20901.954667171412,20901.954667171412
SKU-0021,Small Appliances,Kitchen,15.296000507452582,29,0,9,22,0.0,0.5972802927959501,Markdown / clear,0.0,19215.017966357394,19215.017966357394
SKU-0037,Furnishings,Cushions,16.116758330530455,44,0,7,20,0.0,1.0,Markdown / clear,0.0,19186.76825552642,19186.76825552642
SKU-0152,Small Appliances,Cleaning,361.25228578841205,94,0,15,40,0.1552733856787577,0.0,Healthy,18463.36073390726,0.0,18463.36073390726
SKU-0027,Decor,Planters,116.27921100513115,152,0,5,42,0.0,0.20479894147941646,Healthy,0.0,14016.288409733266,14016.288409733266
SKU-0072,Decor,Planters,15.136070076706288,23,115,18,26,0.0,0.34636599343779634,Healthy,0.0,12224.804732952358,12224.804732952358
SKU-0147,Small Appliances,Climate,16.456746477965428,43,0,14,33,0.0,1.0,Markdown / clear,0.0,9421.329552413277,9421.329552413277
SKU-0089,Furnishings,Cushions,20.87613007992853,28,80,17,33,0.0,0.22749650415079423,Healthy,0.0,1493.0115541900232,1493.0115541900232
SKU-0005,Decor,Wall Decor,297.6274015510491,65,0,8,43,0.0,0.0,Healthy,0.0,0.0,0.0
SKU-0013,Decor,Planters,271.0883431532458,128,0,25,73,0.08029339723584634,0.0,Healthy,0.0,0.0,0.0
SKU-0018,Furnishings,Throws,219.30547937712714,54,0,12,23,0.0007981770223689547,0.0,Healthy,0.0,0.0,0.0
SKU-0052,Small Appliances,Kitchen,234.00469721484743,115,0,27,72,0.11366135006691833,0.0,Healthy,0.0,0.0,0.0
SKU-0051,Decor,Lighting,306.5958611304315,141,0,10,58,0.0,0.0,Healthy,0.0,0.0,0.0
SKU-0046,Decor,Planters,197.58397201421263,8,157,14,64,0.0,0.0,Healthy,0.0,0.0,0.0
SKU-0045,Furnishings,Cushions,165.3622243916607,134,0,9,70,0.0,0.0,Healthy,0.0,0.0,0.0
SKU-0039,Decor,Wall Decor,175.66491049850694,145,0,18,36,0.0,0.0,Healthy,0.0,0.0,0.0
SKU-0038,Decor,Planters,15.5040541559601,17,65,6,23,0.0,0.06432493200344958,Healthy,0.0,0.0,0.0
SKU-0042,Decor,Wall Decor,167.49136173378798,123,0,25,72,0.0,0.0,Healthy,0.0,0.0,0.0
SKU-0044,Small Appliances,Kitchen,193.05771749276508,113,0,26,39,0.0,0.0,Healthy,0.0,0.0,0.0
SKU-0028,Furnishings,Bedding,53.466826491913096,49,0,27,28,0.0,0.0,Healthy,0.0,0.0,0.0
SKU-0026,Decor,Planters,110.2428774759795,70,0,6,37,0.0,0.0,Healthy,0.0,0.0,0.0
SKU-0025,Decor,Lighting,45.46758731646152,0,84,20,32,0.0,0.0,Healthy,0.0,0.0,0.0
SKU-0024,Decor,Wall Decor,446.5105213079799,159,0,7,34,0.0,0.0,Healthy,0.0,0.0,0.0
SKU-0032,Furnishings,Throws,335.88458984358124,159,0,15,45,0.0,0.0,Healthy,0.0,0.0,0.0
SKU-0031,Furnishings,Bedding,245.60700773940448,187,0,23,39,0.0,0.0,Healthy,0.0,0.0,0.0
SKU-0029,Decor,Lighting,105.46911501615494,102,0,10,39,0.0,0.0,Healthy,0.0,0.0,0.0
SKU-0035,Furnishings,Throws,187.0169831716123,72,0,12,51,0.0,0.0,Healthy,0.0,0.0,0.0
SKU-0022,Furnishings,Bedding,30.614841375174876,8,181,19,24,0.0,0.0,Healthy,0.0,0.0,0.0
SKU-0023,Decor,Wall Decor,547.6763442738322,252,0,5,18,0.0,0.0,Healthy,0.0,0.0,0.0
SKU-0004,Decor,Lighting,294.793858854412,181,0,24,42,0.0,0.0,Healthy,0.0,0.0,0.0
SKU-0003,Small Appliances,Climate,361.1148819060719,172,0,15,46,0.0,0.0,Healthy,0.0,0.0,0.0
SKU-0006,Furnishings,Bedding,271.70169504791545,18,250,6,30,0.0,0.0,Healthy,0.0,0.0,0.0
SKU-0077,Furnishings,Cushions,685.5988410903589,0,437,19,47,0.0,0.0,Healthy,0.0,0.0,0.0
SKU-0075,Decor,Wall Decor,215.1949494704191,86,0,10,53,0.0,0.0,Healthy,0.0,0.0,0.0
SKU-0074,Small Appliances,Climate,162.72842175136697,12,182,18,70,0.0,0.0,Healthy,0.0,0.0,0.0
SKU-0081,Decor,Lighting,541.429657297269,84,0,8,34,0.05564030168122449,0.0,Healthy,0.0,0.0,0.0
SKU-0078,Small Appliances,Bedding,292.6881504716688,126,0,22,28,0.04713163077161541,0.0,Healthy,0.0,0.0,0.0
SKU-0079,Decor,Wall Decor,108.80540883011355,49,0,13,23,0.0,0.0,Healthy,0.0,0.0,0.0
SKU-0080,Furnishings,Bedding,496.3989868684862,308,0,28,57,0.0,0.0,Healthy,0.0,0.0,0.0
SKU-0068,Small Appliances,Climate,290.8662402134471,77,0,6,74,0.0,0.0,Healthy,0.0,0.0,0.0
SKU-0066,Decor,Lighting,95.54294971633128,80,0,19,35,0.0,0.0,Healthy,0.0,0.0,0.0
SKU-0060,Furnishings,Cushions,281.27270412569436,167,0,15,51,0.0,0.0,Healthy,0.0,0.0,0.0
SKU-0059,Decor,Lighting,272.6481329604944,194,0,13,63,0.0,0.0,Healthy,0.0,0.0,0.0
SKU-0116,Small Appliances,Cleaning,499.9395224780729,300,0,15,53,0.0,0.0,Healthy,0.0,0.0,0.0
SKU-0113,Decor,Wall Decor,112.29577424394192,115,0,11,53,0.0,0.016054185323029973,Healthy,0.0,0.0,0.0
SKU-0112,Furnishings,Cushions,239.12280638015434,128,0,21,35,0.0,0.0,Healthy,0.0,0.0,0.0
SKU-0103,Small Appliances,Climate,588.4092933850635,15,358,27,61,0.0,0.0,Healthy,0.0,0.0,0.0
SKU-0104,Small Appliances,Climate,232.58900376201856,139,0,13,23,0.0,0.0,Healthy,0.0,0.0,0.0
SKU-0105,Decor,Wall Decor,321.052119029722,153,0,23,68,0.0,0.0,Healthy,0.0,0.0,0.0
SKU-0106,Small Appliances,Climate,377.7049022335368,45,293,13,57,0.0,0.0,Healthy,0.0,0.0,0.0
SKU-0107,Decor,Lighting,184.43602683836963,134,0,24,38,0.0,0.0,Healthy,0.0,0.0,0.0
SKU-0092,Furnishings,Bedding,151.65177935331008,154,0,27,70,0.0,0.01032286226908985,Healthy,0.0,0.0,0.0
SKU-0090,Decor,Wall Decor,207.48271396038683,0,140,18,36,0.0,0.0,Healthy,0.0,0.0,0.0
SKU-0087,Small Appliances,Kitchen,20.10271976502029,14,124,24,32,0.0,0.0,Healthy,0.0,0.0,0.0
SKU-0088,Small Appliances,Climate,443.0138927540664,189,0,18,41,0.0,0.0,Healthy,0.0,0.0,0.0
SKU-0095,Furnishings,Cushions,258.6681822795826,174,0,15,74,0.0,0.0,Healthy,0.0,0.0,0.0
SKU-0094,Decor,Lighting,163.66484987804725,141,0,13,57,0.0,0.0,Healthy,0.0,0.0,0.0
SKU-0099,Decor,Wall Decor,390.4067841550316,143,0,13,37,0.0,0.0,Healthy,0.0,0.0,0.0
SKU-0100,Small Appliances,Kitchen,159.24533459238393,172,0,19,48,0.0,0.05339629128545109,Healthy,0.0,0.0,0.0
SKU-0086,Small Appliances,Cleaning,128.11974722386032,66,0,26,60,0.03518354654731584,0.0,Healthy,0.0,0.0,0.0
SKU-0085,Small Appliances,Climate,248.65517680630654,54,0,11,34,0.0386229377181962,0.0,Healthy,0.0,0.0,0.0
SKU-0062,Small Appliances,Kitchen,60.81045861380318,67,0,18,58,0.0,0.06785610597573404,Healthy,0.0,0.0,0.0
SKU-0061,Small Appliances,Climate,172.2597877748866,35,124,20,59,0.0,0.0,Healthy,0.0,0.0,0.0
SKU-0055,Decor,Lighting,778.0300949900278,251,0,18,38,0.1272396520422207,0.0,Healthy,0.0,0.0,0.0
SKU-0058,Furnishings,Bedding,154.7166907266951,62,160,23,74,0.0,0.0,Healthy,0.0,0.0,0.0
SKU-0073,Furnishings,Throws,247.5006668125584,87,0,5,45,0.0,0.0,Healthy,0.0,0.0,0.0
SKU-0069,Small Appliances,Kitchen,223.31198339821535,39,154,26,62,0.0,0.0,Healthy,0.0,0.0,0.0
SKU-0076,Furnishings,Bedding,209.72516742485493,118,0,14,63,0.0,0.0,Healthy,0.0,0.0,0.0
SKU-0132,Small Appliances,Kitchen,386.18369624271804,84,0,5,44,0.0,0.0,Healthy,0.0,0.0,0.0
SKU-0125,Decor,Lighting,377.3564543614132,0,219,12,23,0.0,0.0,Healthy,0.0,0.0,0.0
SKU-0129,Decor,Lighting,320.47269053374004,141,0,8,45,0.0,0.0,Healthy,0.0,0.0,0.0
SKU-0124,Small Appliances,Kitchen,295.0123413909174,193,0,19,59,0.0,0.0,Healthy,0.0,0.0,0.0
SKU-0123,Furnishings,Bedding,124.57523300643118,74,0,15,31,0.0,0.0,Healthy,0.0,0.0,0.0
SKU-0118,Small Appliances,Kitchen,237.98455628509947,104,0,24,66,0.1133269484057058,0.0,Healthy,0.0,0.0,0.0
SKU-0117,Small Appliances,Kitchen,733.6277626884014,252,0,19,47,0.11963783758260833,0.0,Healthy,0.0,0.0,0.0
SKU-0148,Decor,Wall Decor,201.85297076019503,49,0,8,38,0.0,0.0,Healthy,0.0,0.0,0.0
SKU-0146,Small Appliances,Cleaning,411.33422233693904,213,0,19,24,0.0,0.0,Healthy,0.0,0.0,0.0
SKU-0145,Small Appliances,Cleaning,168.66897567665032,48,0,14,27,0.010152749968688684,0.0,Healthy,0.0,0.0,0.0
SKU-0144,Small Appliances,Cleaning,242.05041176481575,108,0,13,46,0.0,0.0,Healthy,0.0,0.0,0.0
SKU-0142,Furnishings,Cushions,120.67474383669423,63,0,5,30,0.0,0.0,Healthy,0.0,0.0,0.0
SKU-0134,Small Appliances,Kitchen,246.63694454591285,133,0,25,55,0.0,0.0,Healthy,0.0,0.0,0.0
SKU-0138,Decor,Lighting,150.89504357962292,145,0,9,40,0.0,0.0,Healthy,0.0,0.0,0.0
SKU-0139,Decor,Lighting,94.03981671887402,25,0,8,23,0.0,0.0,Healthy,0.0,0.0,0.0
SKU-0133,Furnishings,Bedding,57.451412997847726,64,0,17,31,0.0,0.07598985717313973,Healthy,0.0,0.0,0.0
SKU-0136,Furnishings,Bedding,512.3227995152699,229,0,24,44,0.09307631516880854,0.0,Healthy,0.0,0.0,0.0
SKU-0122,Furnishings,Bedding,16.166959679308512,17,156,9,63,0.0,0.03435155556830575,Healthy,0.0,0.0,0.0
SKU-0121,Furnishings,Throws,410.6393803796713,0,254,19,61,0.0,0.0,Healthy,0.0,0.0,0.0
SKU-0119,Small Appliances,Climate,382.6629816113078,81,0,8,39,0.0,0.0,Healthy,0.0,0.0,0.0
SKU-0154,Furnishings,Bedding,334.4242941135785,0,184,14,26,0.0,0.0,Healthy,0.0,0.0,0.0
SKU-0153,Small Appliances,Cleaning,72.69030550707718,76,0,15,45,0.0,0.030354295251476888,Healthy,0.0,0.0,0.0
SKU-0149,Small Appliances,Kitchen,122.40767114419948,77,0,5,36,0.0,0.0,Healthy,0.0,0.0,0.0
SKU-0163,Decor,Lighting,154.95755408596415,193,0,21,58,0.0,0.16366824295179327,Healthy,0.0,0.0,0.0
SKU-0161,Decor,Cushions,316.015548925122,215,0,8,72,0.0,0.0,Healthy,0.0,0.0,0.0
SKU-0158,Decor,Wall Decor,379.31892151604893,0,283,17,21,0.0,0.0,Healthy,0.0,0.0,0.0
SKU-0160,Furnishings,Cushions,348.30116806955886,185,0,26,62,0.0052049028868475025,0.0,Healthy,0.0,0.0,0.0
SKU-0157,Small Appliances,Cleaning,172.05066302887133,0,124,23,38,0.0,0.0,Healthy,0.0,0.0,0.0
SKU-0150,Decor,Planters,116.33718283228927,42,140,20,54,0.0,0.0,Healthy,0.0,0.0,0.0
SKU-0167,Small Appliances,Cleaning,297.0681959847183,45,0,5,40,0.0,0.0,Healthy,0.0,0.0,0.0
SKU-0166,Decor,Lighting,126.68828359654523,100,0,23,42,0.0,0.0,Healthy,0.0,0.0,0.0
SKU-0171,Decor,Lighting,182.6467200118298,70,0,6,19,0.0,0.0,Healthy,0.0,0.0,0.0
SKU-0170,Decor,Wall Decor,175.43940040777753,69,0,5,48,0.0,0.0,Healthy,0.0,0.0,0.0
SKU-0169,Furnishings,Cushions,116.2488628410056,107,0,17,65,0.0,0.0,Healthy,0.0,0.0,0.0
SKU-0173,Decor,Planters,304.5126884428091,188,0,10,31,0.0,0.0,Healthy,0.0,0.0,0.0
SKU-0176,Small Appliances,Kitchen,53.31985050577235,23,0,5,22,0.0,0.0,Healthy,0.0,0.0,0.0
SKU-0174,Small Appliances,Cleaning,579.8655842471148,302,0,26,72,0.024569237314924837,0.0,Healthy,0.0,0.0,0.0
SKU-0178,Furnishings,Throws,107.3625273028209,82,0,18,30,0.0,0.0,Healthy,0.0,0.0,0.0
SKU-0179,Small Appliances,Cleaning,267.38649224033173,165,0,18,72,0.0,0.0,Healthy,0.0,0.0,0.0
