sku_id,category,subcategory,launch_date,unit_cost,list_price
SKU-0001,Furnishings,Bedding,2024-02-06,2075.95,4703.41
SKU-0002,Small Appliances,Kitchen,2024-02-09,4394.69,9550.02
SKU-0003,Small Appliances,Climate,2024-07-29,733.45,1377.32
SKU-0004,Decor,Lighting,2025-01-24,2961.5,6608.95
SKU-0005,Decor,Wall Decor,2025-01-07,1161.67,2296.45
SKU-0006,Furnishings,Bedding,2024-12-13,2908.79,6312.61
SKU-0007,Home Decor,Cleaning,2024-10-11,4373.42,10052.15
SKU-0008,Small Appliances,Climate,2024-03-22,2196.23,3275.93
SKU-0009,Decor,Lighting,2024-06-02,3130.77,6754.71
SKU-0010,small appliances,Cleaning,2024-05-16,1780.39,3375.76
SKU-0011,Small Appliances,Kitchen,2024-05-18,741.26,1409.82
SKU-0012,Furnishings,Throws,2024-10-08,2068.5,4635.6
SKU-0013,Decor,Planters,2024-07-01,1529.42,3426.89
SKU-0014,Small Appliances,Climate,2024-06-11,1425.58,2991.4
SKU-0015,Decor,Lighting,2024-11-30,1043.6,1520.52
SKU-0016,Small Appliances,Climate,2024-10-06,3226.31,7071.08
SKU-0017,Decor,Wall Decor,2024-04-13,2636.96,4173.8
SKU-0018,Furnishings,Throws,2024-10-07,2215.14,4401.43
SKU-0019,Furnishings,Bedding,2024-02-08,2921.98,5773.54
SKU-0020,Decor,Planters,2024-05-07,313.13,583.95
SKU-0021,Small Appliances,Kitchen,2024-01-15,1944.84,4396.76
SKU-0022,Furnishings,Bedding,2024-01-25,1395.58,2412.84
SKU-0023,Decor,Wall Decor,2025-02-22,2586.38,5676.34
SKU-0024,Decor,Wall Decor,2024-06-19,3696.57,5946.39
SKU-0025,Decor,Lighting,2024-10-19,569.01,1215.54
SKU-0026,Decor,Planters,2024-03-08,2344.51,3738.78
SKU-0027,Decor,Planters,2024-04-10,2107.4,3818.55
SKU-0028,Furnishings,Bedding,2024-09-21,1743.03,2672.53
SKU-0029,Decor,Lighting,2024-07-26,4335.4,10028.44
SKU-0030,Small Appliances,Cleaning,2024-04-21,4366.84,9562.56
SKU-0031,Furnishings,Bedding,2024-02-03,2121.24,3624.41
SKU-0032,Furnishings,Throws,2025-01-14,2148.95,3529.1
SKU-0033,Small Appliances,Kitchen,2024-07-13,2682.23,4339.67
SKU-0034,Small Appliances,Kitchen,2024-11-14,3288.08,6117.43
SKU-0035,Furnishings,Throws,2024-09-21,2703.3,5588.68
SKU-0036,Furnishings,Bedding,2024-06-23,359.77,690.5
SKU-0037,Furnishings,Cushions,2024-03-14,804.34,1245.31
SKU-0038,Decor,Planters,2024-03-12,4176.52,8361.43
SKU-0039,Decor,Wall Decor,2024-03-04,2732.75,4021.69
SKU-0040,Small Appliances,Cleaning,2024-07-21,3561.42,5443.96
SKU-0041,Furnishings,Throws,2024-03-08,2299.85,5383.8
SKU-0042,Decor,Wall Decor,2024-07-17,1333.33,2353.31
SKU-0043,Home Decor,Wall Decor,2024-06-01,2076.1,3052.97
SKU-0044,Small Appliances,Kitchen,2025-01-11,785.88,1553.16
SKU-0045,Furnishings,Cushions,2024-04-12,3084.08,5295.9
SKU-0046,Decor,Planters,2024-11-01,3500.56,5434.11
SKU-0047,Decor,planters,2024-02-29,1174.52,1744.8
SKU-0048,Decor,Wall Decor,2024-06-04,3764.69,8349.48
SKU-0049,Small Appliances,Kitchen,2024-09-18,4296.53,7417.41
SKU-0050,Decor,Planters,2024-04-17,4223.71,6784.87
SKU-0051,Decor,Lighting,2024-03-04,2059.62,4928.17
SKU-0052,Small Appliances,Kitchen,2024-11-10,4028.22,9259.97
SKU-0053,Furnishings,Throws,2024-05-20,1544.81,3372.96
SKU-0054,Decor,Wall Decor,2024-06-05,588.1,1269.97
SKU-0055,Decor,Lighting,2024-01-14,4227.03,7096.85
SKU-0056,Furnishings,Cushions,2024-12-15,842.19,1364.6
SKU-0057,Decor,Wall Decor,2024-04-27,3958.11,6477.89
SKU-0058,Furnishings,Bedding,2024-11-22,4378.29,8431.29
SKU-0059,Decor,Lighting,2024-04-27,240.2,400.7
SKU-0060,Furnishings,Cushions,2024-10-11,706.32,1363.91
SKU-0061,Small Appliances,Climate,2024-12-29,2690.42,4411.72
SKU-0062,Small Appliances,Kitchen,2024-10-27,3372.41,5309.88
SKU-0063,Decor,Lighting,2025-02-12,4187.07,7652.7
SKU-0064,Furnishings,Cushions,2024-07-24,3043.57,7176.26
SKU-0065,Decor,Lighting,2024-09-07,4175.17,6152.6
SKU-0066,Decor,Lighting,2024-09-23,637.48,1009.34
SKU-0067,Small Appliances,Cleaning,2024-03-17,4354.12,8778.95
SKU-0068,Small Appliances,climate,2024-12-03,2199.09,4828.16
SKU-0069,Small Appliances,Kitchen,2024-04-15,651.5,1458.03
SKU-0070,Small Appliances,Cleaning,2024-04-07,2472.92,5009.43
SKU-0071,Small Appliances,Climate,2024-02-19,2785.42,5130.58
SKU-0072,Decor,Planters,2024-06-27,2996.34,6814.03
SKU-0073,Furnishings,Throws,2025-02-21,1250.67,2094.66
SKU-0074,Small Appliances,Climate,2024-12-08,634.8,960.6
SKU-0075,Decor,Wall Decor,2024-05-13,811.47,1812.36
SKU-0076,Furnishings,Bedding,2024-03-01,4158.59,6683.92
SKU-0077,Furnishings,Cushions,2024-08-14,843.61,1315.79
SKU-0078,small appliances,Bedding,2024-01-24,934.45,1402.34
SKU-0079,Decor,Wall Decor,2024-12-13,3120.69,5691.98
SKU-0080,Furnishings,Bedding,2024-07-30,3960.02,8944.0
SKU-0081,Decor,Lighting,2024-04-05,964.07,1614.73
SKU-0082,Furnishings,Throws,2024-08-27,1978.25,2961.03
SKU-0083,Furnishings,Throws,2024-02-09,2442.61,3777.71
SKU-0084,Small Appliances,Kitchen,2024-01-22,4175.32,6447.35
SKU-0085,Small Appliances,Climate,2024-05-14,4079.46,9711.53
SKU-0086,Small Appliances,Cleaning,2024-11-23,2955.53,6472.75
SKU-0087,Small Appliances,Kitchen,2025-02-10,2495.81,4838.16
SKU-0088,Small Appliances,Climate,2024-07-13,1843.59,3793.34
SKU-0089,Furnishings,Cushions,2024-03-10,783.8,1492.34
SKU-0090,Decor,Wall Decor,2024-04-07,1767.65,3178.36
SKU-0091,Small Appliances,Kitchen,2024-04-08,1819.28,3823.14
SKU-0092,Furnishings,Bedding,2025-02-02,4138.62,7891.79
SKU-0093,Small Appliances,Kitchen,2024-07-24,2493.08,5624.72
SKU-0094,Decor,Lighting,2024-12-03,2481.36,5089.94
SKU-0095,Furnishings,Cushions,2024-09-07,3354.74,5509.44
SKU-0096,Small Appliances,Cleaning,2024-12-27,750.68,1526.63
SKU-0097,Decor,Lighting,2024-08-07,3315.09,5072.98
SKU-0098,Small Appliances,Climate,2024-02-27,4322.36,9556.05
SKU-0099,Decor,Wall Decor,2025-01-26,3560.94,7853.15
SKU-0100,Small Appliances,Kitchen,2024-04-16,2729.13,4203.67
SKU-0101,Decor,Wall Decor,2024-01-04,919.98,1827.73
SKU-0102,Decor,Wall Decor,2024-07-14,2437.77,5303.92
SKU-0103,Small Appliances,Climate,2024-02-28,2306.1,4657.43
SKU-0104,Small Appliances,Climate,2024-02-20,685.89,1051.69
SKU-0105,Decor,Wall Decor,2024-03-28,1988.39,4345.84
SKU-0106,Small Appliances,Climate,2024-05-20,4060.94,8830.13
SKU-0107,Decor,Lighting,2024-05-11,1753.31,3066.04
SKU-0108,Furnishings,Bedding,2024-03-03,4224.07,7882.15
SKU-0109,Small Appliances,Cleaning,2025-02-02,3332.24,6582.32
SKU-0110,Small Appliances,Cleaning,2024-11-23,2250.88,4068.56
SKU-0111,Decor,Planters,2024-06-26,3280.72,7721.62
SKU-0112,Furnishings,Cushions,2024-12-23,2932.16,4591.25
SKU-0113,Decor,Wall Decor,2024-02-10,3143.94,4595.46
SKU-0114,Decor,Planters,2024-12-12,1455.95,2745.37
SKU-0115,Furnishings,Throws,2024-11-06,1484.33,3447.39
SKU-0116,Small Appliances,Cleaning,2024-02-16,4487.19,10254.31
SKU-0117,Small Appliances,Kitchen,2024-10-06,3795.39,5887.02
SKU-0118,Small Appliances,Kitchen,2024-10-06,2988.54,4590.15
SKU-0119,Small Appliances,Climate,2024-07-09,305.28,512.5
SKU-0120,Furnishings,Bedding,2024-11-22,1036.24,2399.01
SKU-0121,Furnishings,Throws,2024-03-06,336.22,489.25
SKU-0122,Furnishings,Bedding,2024-09-11,3642.4,6106.94
SKU-0123,Furnishings,Bedding,2025-02-10,427.24,944.59
SKU-0124,Small Appliances,Kitchen,2024-11-20,3195.88,7178.21
SKU-0125,Decor,Lighting,2024-10-19,1051.7,1649.78
SKU-0126,Decor,Wall Decor,2024-11-08,2901.65,6553.59
SKU-0127,Decor,Lighting,2024-01-07,3353.56,5477.67
SKU-0128,Furnishings,Cushions,2024-10-25,4414.48,8965.66
SKU-0129,Decor,Lighting,2024-04-02,2842.45,4235.91
SKU-0130,Small Appliances,Cleaning,2024-10-25,927.91,1426.32
SKU-0131,Small Appliances,Kitchen,2024-08-16,4413.72,8322.65
SKU-0132,Small Appliances,Kitchen,2024-09-24,2652.82,4212.34
SKU-0133,Furnishings,Bedding,2024-08-13,1481.8,2962.29
SKU-0134,Small Appliances,Kitchen,2024-09-29,4243.37,6751.27
SKU-0135,Decor,Wall Decor,2024-02-24,1925.43,3659.2
SKU-0136,Furnishings,Bedding,2024-02-26,1381.29,2402.71
SKU-0137,Decor,Wall Decor,2025-02-12,2819.47,5788.08
SKU-0138,Decor,Lighting,2024-06-20,1120.16,2250.28
SKU-0139,Decor,Lighting,2024-07-19,335.78,620.35
SKU-0140,Decor,Lighting,2024-04-04,2653.02,5272.83
SKU-0141,Decor,Planters,2024-09-15,2979.14,6166.26
SKU-0142,Furnishings,Cushions,2024-11-26,2552.3,4746.89
SKU-0143,Decor,Wall Decor,2024-12-05,1738.04,3366.76
SKU-0144,Small Appliances,Cleaning,2025-01-07,4158.97,8020.37
SKU-0145,small appliances,Cleaning,2024-08-06,3635.44,6357.4
SKU-0146,Small Appliances,Cleaning,2024-07-26,680.5,1033.31
SKU-0147,Small Appliances,Climate,2024-08-25,420.05,721.05
SKU-0148,Decor,Wall Decor,2024-03-13,1536.02,3310.98
SKU-0149,Small Appliances,Kitchen,2024-06-23,3753.39,8496.63
SKU-0150,Decor,Planters,2024-03-05,2775.63,4340.22
SKU-0151,Decor,Wall Decor,2024-07-07,4320.41,10350.37
SKU-0152,Small Appliances,Cleaning,2024-05-10,3150.71,6679.93
SKU-0153,Small Appliances,Cleaning,2024-10-10,2948.64,4305.58
SKU-0154,Furnishings,Bedding,2024-08-08,887.41,1426.61
SKU-0155,Decor,Planters,2024-03-25,4453.05,8808.89
SKU-0156,Small Appliances,Climate,2025-02-19,791.69,1485.08
SKU-0157,Small Appliances,Cleaning,2024-01-18,525.81,1139.73
SKU-0158,Decor,Wall Decor,2024-07-16,830.91,1347.64
SKU-0159,Furnishings,Bedding,2024-03-21,372.88,623.16
SKU-0160,Furnishings,Cushions,2024-07-24,2713.44,5206.08
SKU-0161,Home Decor,Cushions,2024-12-24,1232.64,2775.18
SKU-0162,Decor,Wall Decor,2024-09-29,3075.28,6687.99
SKU-0163,Decor,Lighting,2025-01-05,1763.75,3461.45
SKU-0164,Decor,Planters,2024-12-20,2264.71,4937.51
SKU-0165,Small Appliances,Climate,2024-05-08,2360.7,5462.84
SKU-0166,Decor,Lighting,2024-12-23,1651.35,3176.99
SKU-0167,Small Appliances,Cleaning,2025-02-23,633.51,1158.45
SKU-0168,Small Appliances,Cleaning,2024-09-21,946.83,1677.7
SKU-0169,Furnishings,Cushions,2024-10-17,287.24,669.58
SKU-0170,Decor,Wall Decor,2024-05-09,2765.42,4029.08
SKU-0171,Decor,Lighting,2024-10-26,3217.1,6601.75
SKU-0172,Small Appliances,Climate,2024-09-17,2242.83,4874.48
SKU-0173,Decor,Planters,2024-09-18,3293.41,7789.08
SKU-0174,Small Appliances,Cleaning,2024-12-30,672.93,1443.97
SKU-0175,Small Appliances,Cleaning,2024-06-24,2569.41,5322.27
SKU-0176,Small Appliances,Kitchen,2025-02-17,1425.15,3059.89
SKU-0177,Small Appliances,Climate,2024-05-05,1676.85,2628.76
SKU-0178,Furnishings,Throws,2024-11-22,2295.5,5477.67
SKU-0179,Small Appliances,Cleaning,2024-02-01,4404.6,8108.86
SKU-0180,Small Appliances,Cleaning,2024-02-05,2579.59,5705.94
SKU-0006,Furnishings,Bedding,2024-12-13,2908.79,6312.61
